Comment,Designator,Footprint,LCSC Part #,Manufacturer,MPN,Quantity
1uF,"C1,C3",C-0603,C29936,,CL10B105KA8NNNC,2
100nF,"C2,C10,C11,C12,C13,C14,C15,C16,C17,C18,C19,C20,C30,C31,C32,C33,C34,C43,C50,C51,C52,C53,C54,C55,C56",C-0603,C14663,,CC0603KRX7R9BB104,25
10uF,"C4,C40,C41,C42",C-0805,C15850,,CL21A106KAYNNNE,4
4u7F,"C21,C22,C23,C24",C-0402,C23733,,CL05A475MP5NRNC,4
15pF,"C25,C26",C-0603,C1644,,CL10C150JB8NNNC,2
green,"D1,D2",LED-0603,C125098,,LTST-C191KGKT,2
600R@100MHz,FB1,L-0603,C85833,Murata,BLM18KG601SN1D,1
DD-50 plug,J1,DSUB-50-PINS-VERT,C5402574,Amphenol FCI,DD50P364TXLF,1
USB-B vertical,J2,USB-B-TE-5787834,C592900,TE Connectivity,5787834-1,1
JST SH 1x3,J3,JST-SH-3-SIDE,C160403,JST,SM03B-SRSS-TB(LF)(SN),1
3u3H,L1,L-2016-AOTA,C42411119,Abracon,AOTA-B201610S3R3-101-T,1
B0509S-1WR3,PS1,SIP-4-DCDC-1W,C5369463,YLPTEC,B0509S-1WR3,1
27R,"R1,R2",R-0603,C137753,,RC0603FR-0727RL,2
33R,R3,R-0603,C108661,,RC0603FR-0733RL,1
1kR,"R4,R5,R6,R15,R16",R-0603,C22548,,RC0603FR-071KL,5
10kR,R7,R-0603,C98220,,RC0603FR-0710KL,1
470R,"R8,R10,R11,R12,R13,R17",R-0603,C114669,,RC0603FR-07470RL,6
820R,R14,R-0603,C114638,,RC0603FR-07820RL,1
4x 10kR,"RN1,RN2,RN3,RN4,RN5,RN6,RN7,RN8,RN9",R-ARRAY-4x0603,C29718,,4D03WGJ0103T5E,9
4x 100kR,"RN10,RN11,RN12,RN13,RN14,RN15,RN16,RN17,RN18",R-ARRAY-4x0603,C1996,,4D03WGJ0104T5E,9
tact 5.1x5.1,"SW1,SW2",SW-TS-1187A,C318884,XKB,TS-1187A-B-A-B,2
RP2354A,U1,QFN-60-7x7,C41378174,Raspberry Pi,RP2354A,1
USBLC6-2SC6,U2,SOT-23-6,C7519,STMicroelectronics,USBLC6-2SC6,1
AP2112K-3.3,U3,SOT-23-5,C51118,Diodes Incorporated,AP2112K-3.3TRG1,1
HT7550-1,U4,SOT-89-3,C347189,UMW,HT7550-1,1
TLP2361,"U10,U11,U12,U13,U14",SO-5-6-TOSHIBA,C107626,Toshiba,"TLP2361(TPL,E",5
74HCT165,"U20,U21,U22,U23,U24",SOIC-16,C352828,Texas Instruments,CD74HCT165M96,5
74HCT595,"U30,U31",SOIC-16,C282339,Nexperia,"74HCT595D,118",2
12MHz,Y1,XTAL-3225-4,C20625731,Abracon,ABM8-272-T3,1
