designator,part,type,footprint,fitted,quantity,description,board-rev,value,mpn,manufacturer,lcsc,mount,tolerance,power,voltage,dielectric,current,vf,hardware
J2,USB-B-VERT,boardconnector,USB-B-TE-5787834,TRUE,1,Opto-isolated USB interface for the Solartron 7075 50-way BCD port,A,USB-B vertical,5787834-1,TE Connectivity,C592900,"top side, vertical",,,,,,,
U2,USBLC6-2SC6,esd,SOT-23-6,TRUE,1,Opto-isolated USB interface for the Solartron 7075 50-way BCD port,A,USBLC6-2SC6,USBLC6-2SC6,STMicroelectronics,C7519,,,,,,,,
R1,R-27R-0603,resistor,R-0603,TRUE,1,Opto-isolated USB interface for the Solartron 7075 50-way BCD port,A,27R,RC0603FR-0727RL,,C137753,,±1%,100mW,,,,,
R2,R-27R-0603,resistor,R-0603,TRUE,1,Opto-isolated USB interface for the Solartron 7075 50-way BCD port,A,27R,RC0603FR-0727RL,,C137753,,±1%,100mW,,,,,
C1,C-1uF-0603,capacitor,C-0603,TRUE,1,Opto-isolated USB interface for the Solartron 7075 50-way BCD port,A,1uF,CL10B105KA8NNNC,,C29936,,,,25V,X7R,,,
C2,C-100nF-0603,capacitor,C-0603,TRUE,1,Opto-isolated USB interface for the Solartron 7075 50-way BCD port,A,100nF,CC0603KRX7R9BB104,,C14663,,,,50V,X7R,,,
U3,LDO-3V3,regulator,SOT-23-5,TRUE,1,Opto-isolated USB interface for the Solartron 7075 50-way BCD port,A,AP2112K-3.3,AP2112K-3.3TRG1,Diodes Incorporated,C51118,,,,,,,,
C3,C-1uF-0603,capacitor,C-0603,TRUE,1,Opto-isolated USB interface for the Solartron 7075 50-way BCD port,A,1uF,CL10B105KA8NNNC,,C29936,,,,25V,X7R,,,
C4,C-10uF-0805,capacitor,C-0805,TRUE,1,Opto-isolated USB interface for the Solartron 7075 50-way BCD port,A,10uF,CL21A106KAYNNNE,,C15850,,,,25V,X5R,,,
U1,RP2354A,mcu,QFN-60-7x7,TRUE,1,Opto-isolated USB interface for the Solartron 7075 50-way BCD port,A,RP2354A,RP2354A,Raspberry Pi,C41378174,,,,,,,,
R4,R-1kR-0603,resistor,R-0603,TRUE,1,Opto-isolated USB interface for the Solartron 7075 50-way BCD port,A,1kR,RC0603FR-071KL,,C22548,,±1%,100mW,,,,,
C23,C-4u7F-0402,capacitor,C-0402,TRUE,1,Opto-isolated USB interface for the Solartron 7075 50-way BCD port,A,4u7F,CL05A475MP5NRNC,,C23733,,±20%,,10V,X5R,,,
C16,C-100nF-0603,capacitor,C-0603,TRUE,1,Opto-isolated USB interface for the Solartron 7075 50-way BCD port,A,100nF,CC0603KRX7R9BB104,,C14663,,,,50V,X7R,,,
C24,C-4u7F-0402,capacitor,C-0402,TRUE,1,Opto-isolated USB interface for the Solartron 7075 50-way BCD port,A,4u7F,CL05A475MP5NRNC,,C23733,,±20%,,10V,X5R,,,
R3,R-33R-0603,resistor,R-0603,TRUE,1,Opto-isolated USB interface for the Solartron 7075 50-way BCD port,A,33R,RC0603FR-0733RL,,C108661,,±1%,100mW,,,,,
L1,L-3u3H-AOTA,inductor,L-2016-AOTA,TRUE,1,Opto-isolated USB interface for the Solartron 7075 50-way BCD port,A,3u3H,AOTA-B201610S3R3-101-T,Abracon,C42411119,,,,,,,,
C22,C-4u7F-0402,capacitor,C-0402,TRUE,1,Opto-isolated USB interface for the Solartron 7075 50-way BCD port,A,4u7F,CL05A475MP5NRNC,,C23733,,±20%,,10V,X5R,,,
C21,C-4u7F-0402,capacitor,C-0402,TRUE,1,Opto-isolated USB interface for the Solartron 7075 50-way BCD port,A,4u7F,CL05A475MP5NRNC,,C23733,,±20%,,10V,X5R,,,
C17,C-100nF-0603,capacitor,C-0603,TRUE,1,Opto-isolated USB interface for the Solartron 7075 50-way BCD port,A,100nF,CC0603KRX7R9BB104,,C14663,,,,50V,X7R,,,
R5,R-1kR-0603,resistor,R-0603,TRUE,1,Opto-isolated USB interface for the Solartron 7075 50-way BCD port,A,1kR,RC0603FR-071KL,,C22548,,±1%,100mW,,,,,
SW1,SW-TACT-5x5,switch,SW-TS-1187A,TRUE,1,Opto-isolated USB interface for the Solartron 7075 50-way BCD port,A,tact 5.1x5.1,TS-1187A-B-A-B,XKB,C318884,,,,,,,,
C10,C-100nF-0603,capacitor,C-0603,TRUE,1,Opto-isolated USB interface for the Solartron 7075 50-way BCD port,A,100nF,CC0603KRX7R9BB104,,C14663,,,,50V,X7R,,,
C11,C-100nF-0603,capacitor,C-0603,TRUE,1,Opto-isolated USB interface for the Solartron 7075 50-way BCD port,A,100nF,CC0603KRX7R9BB104,,C14663,,,,50V,X7R,,,
C12,C-100nF-0603,capacitor,C-0603,TRUE,1,Opto-isolated USB interface for the Solartron 7075 50-way BCD port,A,100nF,CC0603KRX7R9BB104,,C14663,,,,50V,X7R,,,
C13,C-100nF-0603,capacitor,C-0603,TRUE,1,Opto-isolated USB interface for the Solartron 7075 50-way BCD port,A,100nF,CC0603KRX7R9BB104,,C14663,,,,50V,X7R,,,
C14,C-100nF-0603,capacitor,C-0603,TRUE,1,Opto-isolated USB interface for the Solartron 7075 50-way BCD port,A,100nF,CC0603KRX7R9BB104,,C14663,,,,50V,X7R,,,
C15,C-100nF-0603,capacitor,C-0603,TRUE,1,Opto-isolated USB interface for the Solartron 7075 50-way BCD port,A,100nF,CC0603KRX7R9BB104,,C14663,,,,50V,X7R,,,
C18,C-100nF-0603,capacitor,C-0603,TRUE,1,Opto-isolated USB interface for the Solartron 7075 50-way BCD port,A,100nF,CC0603KRX7R9BB104,,C14663,,,,50V,X7R,,,
C19,C-100nF-0603,capacitor,C-0603,TRUE,1,Opto-isolated USB interface for the Solartron 7075 50-way BCD port,A,100nF,CC0603KRX7R9BB104,,C14663,,,,50V,X7R,,,
C20,C-100nF-0603,capacitor,C-0603,TRUE,1,Opto-isolated USB interface for the Solartron 7075 50-way BCD port,A,100nF,CC0603KRX7R9BB104,,C14663,,,,50V,X7R,,,
C25,C-15pF-0603,capacitor,C-0603,TRUE,1,Opto-isolated USB interface for the Solartron 7075 50-way BCD port,A,15pF,CL10C150JB8NNNC,,C1644,,±5%,,50V,C0G,,,
Y1,ABM8-272-T3,crystal,XTAL-3225-4,TRUE,1,Opto-isolated USB interface for the Solartron 7075 50-way BCD port,A,12MHz,ABM8-272-T3,Abracon,C20625731,,,,,,,,
C26,C-15pF-0603,capacitor,C-0603,TRUE,1,Opto-isolated USB interface for the Solartron 7075 50-way BCD port,A,15pF,CL10C150JB8NNNC,,C1644,,±5%,,50V,C0G,,,
R7,R-10kR-0603,resistor,R-0603,TRUE,1,Opto-isolated USB interface for the Solartron 7075 50-way BCD port,A,10kR,RC0603FR-0710KL,,C98220,,±1%,100mW,,,,,
SW2,SW-TACT-5x5,switch,SW-TS-1187A,TRUE,1,Opto-isolated USB interface for the Solartron 7075 50-way BCD port,A,tact 5.1x5.1,TS-1187A-B-A-B,XKB,C318884,,,,,,,,
R6,R-1kR-0603,resistor,R-0603,TRUE,1,Opto-isolated USB interface for the Solartron 7075 50-way BCD port,A,1kR,RC0603FR-071KL,,C22548,,±1%,100mW,,,,,
J3,JST-SH-3-SIDE,boardconnector,JST-SH-3-SIDE,TRUE,1,Opto-isolated USB interface for the Solartron 7075 50-way BCD port,A,JST SH 1x3,SM03B-SRSS-TB(LF)(SN),JST,C160403,,,,,,,,
R8,R-470R-0603,resistor,R-0603,TRUE,1,Opto-isolated USB interface for the Solartron 7075 50-way BCD port,A,470R,RC0603FR-07470RL,,C114669,,±1%,100mW,,,,,
D1,LED-0603,led,LED-0603,TRUE,1,Opto-isolated USB interface for the Solartron 7075 50-way BCD port,A,green,LTST-C191KGKT,,C125098,,,,,,5mA,2V4,
FB1,FB-600R-0603,ferrite,L-0603,TRUE,1,Opto-isolated USB interface for the Solartron 7075 50-way BCD port,A,600R@100MHz,BLM18KG601SN1D,Murata,C85833,,,,,,,,
C40,C-10uF-0805,capacitor,C-0805,TRUE,1,Opto-isolated USB interface for the Solartron 7075 50-way BCD port,A,10uF,CL21A106KAYNNNE,,C15850,,,,25V,X5R,,,
PS1,B0509S-1WR3,isolated-dcdc,SIP-4-DCDC-1W,TRUE,1,Opto-isolated USB interface for the Solartron 7075 50-way BCD port,A,B0509S-1WR3,B0509S-1WR3,YLPTEC,C5369463,,,,,,,,
C41,C-10uF-0805,capacitor,C-0805,TRUE,1,Opto-isolated USB interface for the Solartron 7075 50-way BCD port,A,10uF,CL21A106KAYNNNE,,C15850,,,,25V,X5R,,,
U4,HT7550-1,regulator,SOT-89-3,TRUE,1,Opto-isolated USB interface for the Solartron 7075 50-way BCD port,A,HT7550-1,HT7550-1,UMW,C347189,,,,,,,,
C42,C-10uF-0805,capacitor,C-0805,TRUE,1,Opto-isolated USB interface for the Solartron 7075 50-way BCD port,A,10uF,CL21A106KAYNNNE,,C15850,,,,25V,X5R,,,
C43,C-100nF-0603,capacitor,C-0603,TRUE,1,Opto-isolated USB interface for the Solartron 7075 50-way BCD port,A,100nF,CC0603KRX7R9BB104,,C14663,,,,50V,X7R,,,
R15,R-1kR-0603,resistor,R-0603,TRUE,1,Opto-isolated USB interface for the Solartron 7075 50-way BCD port,A,1kR,RC0603FR-071KL,,C22548,,±1%,100mW,,,,,
R16,R-1kR-0603,resistor,R-0603,TRUE,1,Opto-isolated USB interface for the Solartron 7075 50-way BCD port,A,1kR,RC0603FR-071KL,,C22548,,±1%,100mW,,,,,
R17,R-470R-0603,resistor,R-0603,TRUE,1,Opto-isolated USB interface for the Solartron 7075 50-way BCD port,A,470R,RC0603FR-07470RL,,C114669,,±1%,100mW,,,,,
D2,LED-0603,led,LED-0603,TRUE,1,Opto-isolated USB interface for the Solartron 7075 50-way BCD port,A,green,LTST-C191KGKT,,C125098,,,,,,5mA,2V4,
R10,R-470R-0603,resistor,R-0603,TRUE,1,Opto-isolated USB interface for the Solartron 7075 50-way BCD port,A,470R,RC0603FR-07470RL,,C114669,,±1%,100mW,,,,,
U10,TLP2361,optocoupler,SO-5-6-TOSHIBA,TRUE,1,Opto-isolated USB interface for the Solartron 7075 50-way BCD port,A,TLP2361,"TLP2361(TPL,E",Toshiba,C107626,,,,,,,,
R11,R-470R-0603,resistor,R-0603,TRUE,1,Opto-isolated USB interface for the Solartron 7075 50-way BCD port,A,470R,RC0603FR-07470RL,,C114669,,±1%,100mW,,,,,
U11,TLP2361,optocoupler,SO-5-6-TOSHIBA,TRUE,1,Opto-isolated USB interface for the Solartron 7075 50-way BCD port,A,TLP2361,"TLP2361(TPL,E",Toshiba,C107626,,,,,,,,
R12,R-470R-0603,resistor,R-0603,TRUE,1,Opto-isolated USB interface for the Solartron 7075 50-way BCD port,A,470R,RC0603FR-07470RL,,C114669,,±1%,100mW,,,,,
U12,TLP2361,optocoupler,SO-5-6-TOSHIBA,TRUE,1,Opto-isolated USB interface for the Solartron 7075 50-way BCD port,A,TLP2361,"TLP2361(TPL,E",Toshiba,C107626,,,,,,,,
R13,R-470R-0603,resistor,R-0603,TRUE,1,Opto-isolated USB interface for the Solartron 7075 50-way BCD port,A,470R,RC0603FR-07470RL,,C114669,,±1%,100mW,,,,,
U13,TLP2361,optocoupler,SO-5-6-TOSHIBA,TRUE,1,Opto-isolated USB interface for the Solartron 7075 50-way BCD port,A,TLP2361,"TLP2361(TPL,E",Toshiba,C107626,,,,,,,,
C30,C-100nF-0603,capacitor,C-0603,TRUE,1,Opto-isolated USB interface for the Solartron 7075 50-way BCD port,A,100nF,CC0603KRX7R9BB104,,C14663,,,,50V,X7R,,,
C31,C-100nF-0603,capacitor,C-0603,TRUE,1,Opto-isolated USB interface for the Solartron 7075 50-way BCD port,A,100nF,CC0603KRX7R9BB104,,C14663,,,,50V,X7R,,,
C32,C-100nF-0603,capacitor,C-0603,TRUE,1,Opto-isolated USB interface for the Solartron 7075 50-way BCD port,A,100nF,CC0603KRX7R9BB104,,C14663,,,,50V,X7R,,,
C33,C-100nF-0603,capacitor,C-0603,TRUE,1,Opto-isolated USB interface for the Solartron 7075 50-way BCD port,A,100nF,CC0603KRX7R9BB104,,C14663,,,,50V,X7R,,,
R14,R-820R-0603,resistor,R-0603,TRUE,1,Opto-isolated USB interface for the Solartron 7075 50-way BCD port,A,820R,RC0603FR-07820RL,,C114638,,±1%,100mW,,,,,
U14,TLP2361,optocoupler,SO-5-6-TOSHIBA,TRUE,1,Opto-isolated USB interface for the Solartron 7075 50-way BCD port,A,TLP2361,"TLP2361(TPL,E",Toshiba,C107626,,,,,,,,
C34,C-100nF-0603,capacitor,C-0603,TRUE,1,Opto-isolated USB interface for the Solartron 7075 50-way BCD port,A,100nF,CC0603KRX7R9BB104,,C14663,,,,50V,X7R,,,
RN10,RN-100kR-4x0603,resistor,R-ARRAY-4x0603,TRUE,1,Opto-isolated USB interface for the Solartron 7075 50-way BCD port,A,4x 100kR,4D03WGJ0104T5E,,C1996,,±5%,62m5W,,,,,
RN1,RN-10kR-4x0603,resistor,R-ARRAY-4x0603,TRUE,1,Opto-isolated USB interface for the Solartron 7075 50-way BCD port,A,4x 10kR,4D03WGJ0103T5E,,C29718,,±5%,62m5W,,,,,
RN11,RN-100kR-4x0603,resistor,R-ARRAY-4x0603,TRUE,1,Opto-isolated USB interface for the Solartron 7075 50-way BCD port,A,4x 100kR,4D03WGJ0104T5E,,C1996,,±5%,62m5W,,,,,
RN2,RN-10kR-4x0603,resistor,R-ARRAY-4x0603,TRUE,1,Opto-isolated USB interface for the Solartron 7075 50-way BCD port,A,4x 10kR,4D03WGJ0103T5E,,C29718,,±5%,62m5W,,,,,
RN12,RN-100kR-4x0603,resistor,R-ARRAY-4x0603,TRUE,1,Opto-isolated USB interface for the Solartron 7075 50-way BCD port,A,4x 100kR,4D03WGJ0104T5E,,C1996,,±5%,62m5W,,,,,
RN3,RN-10kR-4x0603,resistor,R-ARRAY-4x0603,TRUE,1,Opto-isolated USB interface for the Solartron 7075 50-way BCD port,A,4x 10kR,4D03WGJ0103T5E,,C29718,,±5%,62m5W,,,,,
RN13,RN-100kR-4x0603,resistor,R-ARRAY-4x0603,TRUE,1,Opto-isolated USB interface for the Solartron 7075 50-way BCD port,A,4x 100kR,4D03WGJ0104T5E,,C1996,,±5%,62m5W,,,,,
RN4,RN-10kR-4x0603,resistor,R-ARRAY-4x0603,TRUE,1,Opto-isolated USB interface for the Solartron 7075 50-way BCD port,A,4x 10kR,4D03WGJ0103T5E,,C29718,,±5%,62m5W,,,,,
RN14,RN-100kR-4x0603,resistor,R-ARRAY-4x0603,TRUE,1,Opto-isolated USB interface for the Solartron 7075 50-way BCD port,A,4x 100kR,4D03WGJ0104T5E,,C1996,,±5%,62m5W,,,,,
RN5,RN-10kR-4x0603,resistor,R-ARRAY-4x0603,TRUE,1,Opto-isolated USB interface for the Solartron 7075 50-way BCD port,A,4x 10kR,4D03WGJ0103T5E,,C29718,,±5%,62m5W,,,,,
RN15,RN-100kR-4x0603,resistor,R-ARRAY-4x0603,TRUE,1,Opto-isolated USB interface for the Solartron 7075 50-way BCD port,A,4x 100kR,4D03WGJ0104T5E,,C1996,,±5%,62m5W,,,,,
RN6,RN-10kR-4x0603,resistor,R-ARRAY-4x0603,TRUE,1,Opto-isolated USB interface for the Solartron 7075 50-way BCD port,A,4x 10kR,4D03WGJ0103T5E,,C29718,,±5%,62m5W,,,,,
RN16,RN-100kR-4x0603,resistor,R-ARRAY-4x0603,TRUE,1,Opto-isolated USB interface for the Solartron 7075 50-way BCD port,A,4x 100kR,4D03WGJ0104T5E,,C1996,,±5%,62m5W,,,,,
RN7,RN-10kR-4x0603,resistor,R-ARRAY-4x0603,TRUE,1,Opto-isolated USB interface for the Solartron 7075 50-way BCD port,A,4x 10kR,4D03WGJ0103T5E,,C29718,,±5%,62m5W,,,,,
RN17,RN-100kR-4x0603,resistor,R-ARRAY-4x0603,TRUE,1,Opto-isolated USB interface for the Solartron 7075 50-way BCD port,A,4x 100kR,4D03WGJ0104T5E,,C1996,,±5%,62m5W,,,,,
RN8,RN-10kR-4x0603,resistor,R-ARRAY-4x0603,TRUE,1,Opto-isolated USB interface for the Solartron 7075 50-way BCD port,A,4x 10kR,4D03WGJ0103T5E,,C29718,,±5%,62m5W,,,,,
RN18,RN-100kR-4x0603,resistor,R-ARRAY-4x0603,TRUE,1,Opto-isolated USB interface for the Solartron 7075 50-way BCD port,A,4x 100kR,4D03WGJ0104T5E,,C1996,,±5%,62m5W,,,,,
RN9,RN-10kR-4x0603,resistor,R-ARRAY-4x0603,TRUE,1,Opto-isolated USB interface for the Solartron 7075 50-way BCD port,A,4x 10kR,4D03WGJ0103T5E,,C29718,,±5%,62m5W,,,,,
U20,74HCT165,logic,SOIC-16,TRUE,1,Opto-isolated USB interface for the Solartron 7075 50-way BCD port,A,74HCT165,CD74HCT165M96,Texas Instruments,C352828,,,,,,,,
U21,74HCT165,logic,SOIC-16,TRUE,1,Opto-isolated USB interface for the Solartron 7075 50-way BCD port,A,74HCT165,CD74HCT165M96,Texas Instruments,C352828,,,,,,,,
U22,74HCT165,logic,SOIC-16,TRUE,1,Opto-isolated USB interface for the Solartron 7075 50-way BCD port,A,74HCT165,CD74HCT165M96,Texas Instruments,C352828,,,,,,,,
U23,74HCT165,logic,SOIC-16,TRUE,1,Opto-isolated USB interface for the Solartron 7075 50-way BCD port,A,74HCT165,CD74HCT165M96,Texas Instruments,C352828,,,,,,,,
U24,74HCT165,logic,SOIC-16,TRUE,1,Opto-isolated USB interface for the Solartron 7075 50-way BCD port,A,74HCT165,CD74HCT165M96,Texas Instruments,C352828,,,,,,,,
C50,C-100nF-0603,capacitor,C-0603,TRUE,1,Opto-isolated USB interface for the Solartron 7075 50-way BCD port,A,100nF,CC0603KRX7R9BB104,,C14663,,,,50V,X7R,,,
C51,C-100nF-0603,capacitor,C-0603,TRUE,1,Opto-isolated USB interface for the Solartron 7075 50-way BCD port,A,100nF,CC0603KRX7R9BB104,,C14663,,,,50V,X7R,,,
C52,C-100nF-0603,capacitor,C-0603,TRUE,1,Opto-isolated USB interface for the Solartron 7075 50-way BCD port,A,100nF,CC0603KRX7R9BB104,,C14663,,,,50V,X7R,,,
C53,C-100nF-0603,capacitor,C-0603,TRUE,1,Opto-isolated USB interface for the Solartron 7075 50-way BCD port,A,100nF,CC0603KRX7R9BB104,,C14663,,,,50V,X7R,,,
C54,C-100nF-0603,capacitor,C-0603,TRUE,1,Opto-isolated USB interface for the Solartron 7075 50-way BCD port,A,100nF,CC0603KRX7R9BB104,,C14663,,,,50V,X7R,,,
U30,74HCT595,logic,SOIC-16,TRUE,1,Opto-isolated USB interface for the Solartron 7075 50-way BCD port,A,74HCT595,"74HCT595D,118",Nexperia,C282339,,,,,,,,
U31,74HCT595,logic,SOIC-16,TRUE,1,Opto-isolated USB interface for the Solartron 7075 50-way BCD port,A,74HCT595,"74HCT595D,118",Nexperia,C282339,,,,,,,,
C55,C-100nF-0603,capacitor,C-0603,TRUE,1,Opto-isolated USB interface for the Solartron 7075 50-way BCD port,A,100nF,CC0603KRX7R9BB104,,C14663,,,,50V,X7R,,,
C56,C-100nF-0603,capacitor,C-0603,TRUE,1,Opto-isolated USB interface for the Solartron 7075 50-way BCD port,A,100nF,CC0603KRX7R9BB104,,C14663,,,,50V,X7R,,,
J1,DSUB-50-PLUG-VERT,boardconnector,DSUB-50-PINS-VERT,TRUE,1,Opto-isolated USB interface for the Solartron 7075 50-way BCD port,A,DD-50 plug,DD50P364TXLF,Amphenol FCI,C5402574,"bottom side, vertical, mates with the meter",,,,,,,2x 4-40 UNC jackscrew through board and flange
