Comment,Designator,Footprint,LCSC Part #
4.7n,C1,C_0603_1608Metric,C53987
10u,"C2,C4,C25",C_0603_1608Metric,C19702
1u,"C3,C24",C_0603_1608Metric,C15849
100n,"C5,C6,C7,C8,C9,C10,C11,C12,C13,C17,C18,C19",C_0402_1005Metric,C1525
4.7u,"C14,C15,C16",C_0402_1005Metric,C23733
15p,"C20,C21",C_0402_1005Metric,C1548
4.7u,C22,C_0603_1608Metric,C19666
2.2u,C23,C_0603_1608Metric,C23630
100n,"C26,C27,C28,C29,C30,C31,C32,C33,C34,C35,C36,C37",C_0603_1608Metric,C14663
green,"D1,D2,D3",LED_0603_1608Metric,C125094
red,D4,LED_0603_1608Metric,C2286
500mA,F1,Fuse_1206_3216Metric,C20799
DD-50 plug,J1,DSUB-50_Pins_Vertical_P2.77x2.84mm_MountingHoles,C17502305
USB_B,J2,USB_B_TE_5787834_Vertical,C592900
SWD,J3,PinHeader_1x03_P2.54mm_Vertical,C2937625
3.3uH,L1,L_Murata_DFE201610P,C42411119
B0509S-1WR3,PS1,Converter_DCDC_Murata_MEE1SxxxxSC_THT,C7500906
2N7002,Q1,SOT-23,C8545
1M,R1,R_0603_1608Metric,C22935
1k,"R2,R11,R13",R_0603_1608Metric,C21190
33,R3,R_0402_1005Metric,C25105
1k,"R4,R8,R9",R_0402_1005Metric,C11702
27,"R5,R6",R_0402_1005Metric,C25100
10k,R7,R_0402_1005Metric,C25744
2.2k,R10,R_0603_1608Metric,C4190
100k,R12,R_0603_1608Metric,C25803
390,"R14,R15,R16,R17",R_0603_1608Metric,C23151
820,R18,R_0603_1608Metric,C23253
10k,"RN1,RN2,RN3,RN4,RN5,RN6,RN7,RN8,RN9",R_Array_Convex_4x0603,C29718
BOOTSEL,SW1,SW_Push_1P1T_XKB_TS-1187A,C318884
RESET,SW2,SW_Push_1P1T_XKB_TS-1187A,C318884
RP2354A,U1,QFN-60-1EP_7x7mm_P0.4mm_EP3.4x3.4mm_ThermalVias,C41378174
AP2112K-3.3,U2,SOT-23-5,C51118
USBLC6-2SC6,U3,SOT-23-6,C7519
78L05,U4,SOT-89-3,C347258
TLP2361,"U5,U6,U7,U8,U9",Toshiba_SOIC-5-6_4.4x3.6mm_P1.27mm,C107626
74HCT165,"U10,U11,U12,U13,U14",SOIC-16_3.9x9.9mm_P1.27mm,C456131
74HC595,"U15,U16",SOIC-16_3.9x9.9mm_P1.27mm,C5947
12MHz,Y1,Crystal_SMD_3225-4Pin_3.2x2.5mm,C20625731
