Designator,Mid X,Mid Y,Layer,Rotation
J1,13.8400mm,-24.8400mm,Bottom,0.000000
C1,109.5000mm,-26.7000mm,Top,0.000000
C2,94.0000mm,-41.8000mm,Top,0.000000
C3,88.0000mm,-37.0000mm,Top,0.000000
C4,91.6000mm,-33.5000mm,Top,90.000000
C5,100.3500mm,-19.8000mm,Top,0.000000
C6,100.3500mm,-15.8000mm,Top,0.000000
C7,100.3500mm,-13.9000mm,Top,0.000000
C8,89.8000mm,-13.3000mm,Top,180.000000
C9,89.8000mm,-17.0000mm,Top,180.000000
C10,89.8000mm,-20.5500mm,Top,180.000000
C11,97.8500mm,-22.4000mm,Top,-90.000000
C12,89.8000mm,-19.5000mm,Top,180.000000
C13,98.9000mm,-22.4000mm,Top,-90.000000
C14,96.8000mm,-22.4000mm,Top,-90.000000
C15,89.8000mm,-21.6000mm,Top,180.000000
C16,91.4000mm,-25.6000mm,Top,180.000000
C17,100.3500mm,-17.8000mm,Top,0.000000
C18,89.8000mm,-18.2000mm,Top,180.000000
C19,94.3500mm,-10.8000mm,Top,90.000000
C20,99.6000mm,-6.4000mm,Top,90.000000
C21,93.6000mm,-7.6000mm,Top,90.000000
C22,83.6000mm,-38.5000mm,Top,90.000000
C23,67.6000mm,-41.6000mm,Top,0.000000
C24,63.0000mm,-41.9000mm,Top,0.000000
C25,66.0000mm,-33.0000mm,Top,0.000000
C26,46.6000mm,-32.2000mm,Top,0.000000
C27,58.6000mm,-32.2000mm,Top,0.000000
C28,34.6000mm,-32.2000mm,Top,0.000000
C29,22.6000mm,-32.2000mm,Top,0.000000
C30,19.1000mm,-4.6000mm,Top,0.000000
C31,36.6000mm,-4.6000mm,Top,0.000000
C32,50.6000mm,-4.6000mm,Top,0.000000
C33,70.1000mm,-5.0000mm,Top,90.000000
C34,70.1000mm,-11.0000mm,Top,90.000000
C35,70.1000mm,-17.0000mm,Top,90.000000
C36,70.1000mm,-23.0000mm,Top,90.000000
C37,81.9000mm,-29.0000mm,Top,90.000000
D1,108.5000mm,-13.0000mm,Top,0.000000
D2,104.2000mm,-13.0000mm,Top,0.000000
D3,62.0000mm,-31.2000mm,Top,0.000000
D4,55.5000mm,-3.0000mm,Top,0.000000
F1,90.0000mm,-41.8000mm,Top,0.000000
J2,105.2500mm,-34.6000mm,Top,0.000000
J3,93.4600mm,-2.6000mm,Top,90.000000
L1,92.0000mm,-23.4000mm,Top,180.000000
PS1,79.8100mm,-38.5000mm,Top,-90.000000
Q1,24.0000mm,-15.0000mm,Top,0.000000
R1,109.5000mm,-28.5000mm,Top,0.000000
R2,108.5000mm,-15.0000mm,Top,0.000000
R3,90.2800mm,-23.1000mm,Top,90.000000
R4,95.4500mm,-9.9000mm,Top,90.000000
R5,95.7000mm,-24.4000mm,Top,90.000000
R6,94.6500mm,-24.4000mm,Top,90.000000
R7,91.9000mm,-9.4000mm,Top,90.000000
R8,100.1000mm,-22.6000mm,Top,-90.000000
R9,104.2000mm,-15.0000mm,Top,0.000000
R10,67.6000mm,-36.0000mm,Top,0.000000
R11,62.0000mm,-33.0000mm,Top,0.000000
R12,24.0000mm,-11.5000mm,Top,90.000000
R13,55.5000mm,-6.0000mm,Top,0.000000
R14,81.9000mm,-5.0000mm,Top,90.000000
R15,81.9000mm,-11.0000mm,Top,90.000000
R16,81.9000mm,-17.0000mm,Top,90.000000
R17,81.9000mm,-23.0000mm,Top,90.000000
R18,70.1000mm,-29.0000mm,Top,90.000000
RN1,43.6000mm,-28.6000mm,Top,-90.000000
RN2,38.4000mm,-28.6000mm,Top,-90.000000
RN3,55.6000mm,-28.6000mm,Top,-90.000000
RN4,50.4000mm,-28.6000mm,Top,-90.000000
RN5,31.6000mm,-28.6000mm,Top,-90.000000
RN6,26.4000mm,-28.6000mm,Top,-90.000000
RN7,19.6000mm,-28.6000mm,Top,-90.000000
RN8,14.4000mm,-28.6000mm,Top,-90.000000
RN9,15.5000mm,-16.6000mm,Top,90.000000
SW1,106.0000mm,-22.0000mm,Top,90.000000
SW2,87.5000mm,-3.8000mm,Top,0.000000
U1,95.0000mm,-17.0000mm,Top,180.000000
U2,88.0000mm,-33.5000mm,Top,0.000000
U3,98.0000mm,-28.0000mm,Top,90.000000
U4,61.0938mm,-37.5000mm,Top,180.000000
U5,76.0000mm,-5.0000mm,Top,180.000000
U6,76.0000mm,-11.0000mm,Top,180.000000
U7,76.0000mm,-17.0000mm,Top,180.000000
U8,76.0000mm,-23.0000mm,Top,180.000000
U9,76.0000mm,-29.0000mm,Top,0.000000
U10,41.0000mm,-36.6000mm,Top,0.000000
U11,53.0000mm,-36.6000mm,Top,0.000000
U12,29.0000mm,-36.6000mm,Top,0.000000
U13,17.0000mm,-36.6000mm,Top,0.000000
U14,13.5000mm,-9.0000mm,Top,0.000000
U15,31.0000mm,-9.0000mm,Top,0.000000
U16,45.0000mm,-9.0000mm,Top,0.000000
Y1,96.6000mm,-7.2000mm,Top,180.000000
