Ref,Val,Package,PosX,PosY,Rot,Side
"J1","DD-50 plug","DSUB-50_Pins_Vertical_P2.77x2.84mm_MountingHoles",13.840000,-24.840000,0.000000,bottom
"C1","4.7n","C_0603_1608Metric",109.500000,-26.700000,0.000000,top
"C2","10u","C_0603_1608Metric",94.000000,-41.800000,0.000000,top
"C3","1u","C_0603_1608Metric",88.000000,-37.000000,0.000000,top
"C4","10u","C_0603_1608Metric",91.600000,-33.500000,90.000000,top
"C5","100n","C_0402_1005Metric",100.350000,-19.800000,0.000000,top
"C6","100n","C_0402_1005Metric",100.350000,-15.800000,0.000000,top
"C7","100n","C_0402_1005Metric",100.350000,-13.900000,0.000000,top
"C8","100n","C_0402_1005Metric",89.800000,-13.300000,180.000000,top
"C9","100n","C_0402_1005Metric",89.800000,-17.000000,180.000000,top
"C10","100n","C_0402_1005Metric",89.800000,-20.550000,180.000000,top
"C11","100n","C_0402_1005Metric",97.850000,-22.400000,-90.000000,top
"C12","100n","C_0402_1005Metric",89.800000,-19.500000,180.000000,top
"C13","100n","C_0402_1005Metric",98.900000,-22.400000,-90.000000,top
"C14","4.7u","C_0402_1005Metric",96.800000,-22.400000,-90.000000,top
"C15","4.7u","C_0402_1005Metric",89.800000,-21.600000,180.000000,top
"C16","4.7u","C_0402_1005Metric",91.400000,-25.600000,180.000000,top
"C17","100n","C_0402_1005Metric",100.350000,-17.800000,0.000000,top
"C18","100n","C_0402_1005Metric",89.800000,-18.200000,180.000000,top
"C19","100n","C_0402_1005Metric",94.350000,-10.800000,90.000000,top
"C20","15p","C_0402_1005Metric",99.600000,-6.400000,90.000000,top
"C21","15p","C_0402_1005Metric",93.600000,-7.600000,90.000000,top
"C22","4.7u","C_0603_1608Metric",83.600000,-38.500000,90.000000,top
"C23","2.2u","C_0603_1608Metric",67.600000,-41.600000,0.000000,top
"C24","1u","C_0603_1608Metric",63.000000,-41.900000,0.000000,top
"C25","10u","C_0603_1608Metric",66.000000,-33.000000,0.000000,top
"C26","100n","C_0603_1608Metric",46.600000,-32.200000,0.000000,top
"C27","100n","C_0603_1608Metric",58.600000,-32.200000,0.000000,top
"C28","100n","C_0603_1608Metric",34.600000,-32.200000,0.000000,top
"C29","100n","C_0603_1608Metric",22.600000,-32.200000,0.000000,top
"C30","100n","C_0603_1608Metric",19.100000,-4.600000,0.000000,top
"C31","100n","C_0603_1608Metric",36.600000,-4.600000,0.000000,top
"C32","100n","C_0603_1608Metric",50.600000,-4.600000,0.000000,top
"C33","100n","C_0603_1608Metric",70.100000,-5.000000,90.000000,top
"C34","100n","C_0603_1608Metric",70.100000,-11.000000,90.000000,top
"C35","100n","C_0603_1608Metric",70.100000,-17.000000,90.000000,top
"C36","100n","C_0603_1608Metric",70.100000,-23.000000,90.000000,top
"C37","100n","C_0603_1608Metric",81.900000,-29.000000,90.000000,top
"D1","green","LED_0603_1608Metric",108.500000,-13.000000,0.000000,top
"D2","green","LED_0603_1608Metric",104.200000,-13.000000,0.000000,top
"D3","green","LED_0603_1608Metric",62.000000,-31.200000,0.000000,top
"D4","red","LED_0603_1608Metric",55.500000,-3.000000,0.000000,top
"F1","500mA","Fuse_1206_3216Metric",90.000000,-41.800000,0.000000,top
"J2","USB_B","USB_B_TE_5787834_Vertical",105.250000,-34.600000,0.000000,top
"J3","SWD","PinHeader_1x03_P2.54mm_Vertical",93.460000,-2.600000,90.000000,top
"L1","3.3uH","L_Murata_DFE201610P",92.000000,-23.400000,180.000000,top
"PS1","B0509S-1WR3","Converter_DCDC_Murata_MEE1SxxxxSC_THT",79.810000,-38.500000,-90.000000,top
"Q1","2N7002","SOT-23",24.000000,-15.000000,0.000000,top
"R1","1M","R_0603_1608Metric",109.500000,-28.500000,0.000000,top
"R2","1k","R_0603_1608Metric",108.500000,-15.000000,0.000000,top
"R3","33","R_0402_1005Metric",90.280000,-23.100000,90.000000,top
"R4","1k","R_0402_1005Metric",95.450000,-9.900000,90.000000,top
"R5","27","R_0402_1005Metric",95.700000,-24.400000,90.000000,top
"R6","27","R_0402_1005Metric",94.650000,-24.400000,90.000000,top
"R7","10k","R_0402_1005Metric",91.900000,-9.400000,90.000000,top
"R8","1k","R_0402_1005Metric",100.100000,-22.600000,-90.000000,top
"R9","1k","R_0402_1005Metric",104.200000,-15.000000,0.000000,top
"R10","2.2k","R_0603_1608Metric",67.600000,-36.000000,0.000000,top
"R11","1k","R_0603_1608Metric",62.000000,-33.000000,0.000000,top
"R12","100k","R_0603_1608Metric",24.000000,-11.500000,90.000000,top
"R13","1k","R_0603_1608Metric",55.500000,-6.000000,0.000000,top
"R14","390","R_0603_1608Metric",81.900000,-5.000000,90.000000,top
"R15","390","R_0603_1608Metric",81.900000,-11.000000,90.000000,top
"R16","390","R_0603_1608Metric",81.900000,-17.000000,90.000000,top
"R17","390","R_0603_1608Metric",81.900000,-23.000000,90.000000,top
"R18","820","R_0603_1608Metric",70.100000,-29.000000,90.000000,top
"RN1","10k","R_Array_Convex_4x0603",43.600000,-28.600000,-90.000000,top
"RN2","10k","R_Array_Convex_4x0603",38.400000,-28.600000,-90.000000,top
"RN3","10k","R_Array_Convex_4x0603",55.600000,-28.600000,-90.000000,top
"RN4","10k","R_Array_Convex_4x0603",50.400000,-28.600000,-90.000000,top
"RN5","10k","R_Array_Convex_4x0603",31.600000,-28.600000,-90.000000,top
"RN6","10k","R_Array_Convex_4x0603",26.400000,-28.600000,-90.000000,top
"RN7","10k","R_Array_Convex_4x0603",19.600000,-28.600000,-90.000000,top
"RN8","10k","R_Array_Convex_4x0603",14.400000,-28.600000,-90.000000,top
"RN9","10k","R_Array_Convex_4x0603",15.500000,-16.600000,90.000000,top
"SW1","BOOTSEL","SW_Push_1P1T_XKB_TS-1187A",106.000000,-22.000000,90.000000,top
"SW2","RESET","SW_Push_1P1T_XKB_TS-1187A",87.500000,-3.800000,0.000000,top
"U1","RP2354A","QFN-60-1EP_7x7mm_P0.4mm_EP3.4x3.4mm_ThermalVias",95.000000,-17.000000,180.000000,top
"U2","AP2112K-3.3","SOT-23-5",88.000000,-33.500000,0.000000,top
"U3","USBLC6-2SC6","SOT-23-6",98.000000,-28.000000,90.000000,top
"U4","78L05","SOT-89-3",61.093800,-37.500000,180.000000,top
"U5","TLP2361","Toshiba_SOIC-5-6_4.4x3.6mm_P1.27mm",76.000000,-5.000000,180.000000,top
"U6","TLP2361","Toshiba_SOIC-5-6_4.4x3.6mm_P1.27mm",76.000000,-11.000000,180.000000,top
"U7","TLP2361","Toshiba_SOIC-5-6_4.4x3.6mm_P1.27mm",76.000000,-17.000000,180.000000,top
"U8","TLP2361","Toshiba_SOIC-5-6_4.4x3.6mm_P1.27mm",76.000000,-23.000000,180.000000,top
"U9","TLP2361","Toshiba_SOIC-5-6_4.4x3.6mm_P1.27mm",76.000000,-29.000000,0.000000,top
"U10","74HCT165","SOIC-16_3.9x9.9mm_P1.27mm",41.000000,-36.600000,0.000000,top
"U11","74HCT165","SOIC-16_3.9x9.9mm_P1.27mm",53.000000,-36.600000,0.000000,top
"U12","74HCT165","SOIC-16_3.9x9.9mm_P1.27mm",29.000000,-36.600000,0.000000,top
"U13","74HCT165","SOIC-16_3.9x9.9mm_P1.27mm",17.000000,-36.600000,0.000000,top
"U14","74HCT165","SOIC-16_3.9x9.9mm_P1.27mm",13.500000,-9.000000,0.000000,top
"U15","74HC595","SOIC-16_3.9x9.9mm_P1.27mm",31.000000,-9.000000,0.000000,top
"U16","74HC595","SOIC-16_3.9x9.9mm_P1.27mm",45.000000,-9.000000,0.000000,top
"Y1","12MHz","Crystal_SMD_3225-4Pin_3.2x2.5mm",96.600000,-7.200000,180.000000,top
