Qty,Refs,Value,Footprint,MPN,Manufacturer,LCSC,Note
1,C1,4.7n,C_0603_1608Metric,0603B472K500NT,FH,C53987,
3,C2 C4 C25,10u,C_0603_1608Metric,CL10A106KP8NNNC,Samsung,C19702,
2,C3 C24,1u,C_0603_1608Metric,CL10A105KB8NNNC,Samsung,C15849,
12,C5 C6 C7 C8 C9 C10 C11 C12 C13 C17 C18 C19,100n,C_0402_1005Metric,CL05B104KO5NNNC,Samsung,C1525,
3,C14 C15 C16,4.7u,C_0402_1005Metric,CL05A475MP5NRNC,Samsung,C23733,
2,C20 C21,15p,C_0402_1005Metric,0402CG150J500NT,FH,C1548,
1,C22,4.7u,C_0603_1608Metric,CL10A475KO8NNNC,Samsung,C19666,
1,C23,2.2u,C_0603_1608Metric,CL10A225KO8NNNC,Samsung,C23630,
12,C26 C27 C28 C29 C30 C31 C32 C33 C34 C35 C36 C37,100n,C_0603_1608Metric,CC0603KRX7R9BB104,YAGEO,C14663,
3,D1 D2 D3,green,LED_0603_1608Metric,LTST-C190KGKT,Lite-On,C125094,
1,D4,red,LED_0603_1608Metric,KT-0603R,Hubei KENTO,C2286,
1,F1,500mA,Fuse_1206_3216Metric,SMD1206P050TF,RUILON,C20799,
1,J1,DD-50 plug,DSUB-50_Pins_Vertical_P2.77x2.84mm_MountingHoles,D50P24A4PA00LF,Amphenol ICC,C17502305,THT; LCSC lists it but often without stock - any DD-50 male straight PCB plug with 3.1 mm plain flange holes and the 2.77 x 2.84 mm grid fits
1,J2,USB_B,USB_B_TE_5787834_Vertical,5787834-1,TE Connectivity,C592900,
1,J3,SWD,PinHeader_1x03_P2.54mm_Vertical,PZ254V-11-03P,XFCN,C2937625,
1,L1,3.3uH,L_Murata_DFE201610P,AOTA-B201610S3R3-101-T,Abracon,C42411119,
1,PS1,B0509S-1WR3,Converter_DCDC_Murata_MEE1SxxxxSC_THT,B0509S-1WR3,EVISUN,C7500906,"Mornsun-style SIP-4 pinout (1 -Vin, 2 +Vin, 3 0V, 4 +Vo)"
1,Q1,2N7002,SOT-23,2N7002,CJ,C8545,
1,R1,1M,R_0603_1608Metric,0603WAF1004T5E,UNI-ROYAL,C22935,
3,R2 R11 R13,1k,R_0603_1608Metric,0603WAF1001T5E,UNI-ROYAL,C21190,
1,R3,33,R_0402_1005Metric,0402WGF330JTCE,UNI-ROYAL,C25105,
3,R4 R8 R9,1k,R_0402_1005Metric,0402WGF1001TCE,UNI-ROYAL,C11702,
2,R5 R6,27,R_0402_1005Metric,0402WGF270JTCE,UNI-ROYAL,C25100,
1,R7,10k,R_0402_1005Metric,0402WGF1002TCE,UNI-ROYAL,C25744,
1,R10,2.2k,R_0603_1608Metric,0603WAF2201T5E,UNI-ROYAL,C4190,
1,R12,100k,R_0603_1608Metric,0603WAF1003T5E,UNI-ROYAL,C25803,
4,R14 R15 R16 R17,390,R_0603_1608Metric,0603WAF3900T5E,UNI-ROYAL,C23151,
1,R18,820,R_0603_1608Metric,0603WAF8200T5E,UNI-ROYAL,C23253,
9,RN1 RN2 RN3 RN4 RN5 RN6 RN7 RN8 RN9,10k,R_Array_Convex_4x0603,4D03WGJ0103T5E,UNI-ROYAL,C29718,
1,SW1,BOOTSEL,SW_Push_1P1T_XKB_TS-1187A,TS-1187A-B-A-B,XKB Connection,C318884,
1,SW2,RESET,SW_Push_1P1T_XKB_TS-1187A,TS-1187A-B-A-B,XKB Connection,C318884,
1,U1,RP2354A,QFN-60-1EP_7x7mm_P0.4mm_EP3.4x3.4mm_ThermalVias,RP2354A,Raspberry Pi,C41378174,
1,U2,AP2112K-3.3,SOT-23-5,AP2112K-3.3TRG1,Diodes Incorporated,C51118,
1,U3,USBLC6-2SC6,SOT-23-6,USBLC6-2SC6,STMicroelectronics,C7519,
1,U4,78L05,SOT-89-3,78L05 (SOT-89),UMW,C347258,
5,U5 U6 U7 U8 U9,TLP2361,Toshiba_SOIC-5-6_4.4x3.6mm_P1.27mm,"TLP2361(TPL,E",Toshiba,C107626,KiCad TLP2310 symbol used (identical SO6/5-lead pinout)
5,U10 U11 U12 U13 U14,74HCT165,SOIC-16_3.9x9.9mm_P1.27mm,"74HCT165D,653",Nexperia,C456131,
2,U15 U16,74HC595,SOIC-16_3.9x9.9mm_P1.27mm,"74HC595D,118",Nexperia,C5947,
1,Y1,12MHz,Crystal_SMD_3225-4Pin_3.2x2.5mm,ABM8-272-T3,Abracon,C20625731,
2,-,"Jackscrew 4-40 UNC, >= 10 mm thread",-,any D-sub jackscrew / thumbscrew (e.g. Norcomp 4-40 thumbscrew),-,-,fits through J1's 3.2 mm flange holes into the meter's socket screw-locks; check the thread on your 70754 (4-40 UNC is the D-sub standard)
